event (WORDNET SENSE IF EXIST),occorrences,definition,rep_event,asp_event,location,organization,targets
receive.v.02,72,receive a specified treatment (abstract),1,1,13,43,"get, receive, obtain"
publish.v.03,51,have (one's written work) issued for publication,0,0,9,16,"write, publish"
award.v.01,23,"give, especially as an honor or reward",1,0,3,11,award
graduate.v.01,21,receive an academic degree upon completion of one's studies,0,0,6,15,graduate
act.v.01,20,"perform an action, or work out or perform (an action)",0,0,14,0,move
establish.v.01,18,set up or found,0,0,2,12,"launch, found"
participate.v.01,16,share in something,0,0,3,6,participate
complete.v.01,15,come or bring to a finish or an end,0,0,3,12,"complete, finish"
return.v.16,15,"submit (a report, etc.) to someone in authority",1,0,8,1,return
name.v.01,14,assign a specified (usually proper) proper name to,1,0,1,12,name
join.v.01,14,become part of; become a member of a group or organization,0,0,0,13,join
award.v.02,13,give as judged due or on the basis of merit,0,0,1,6,"grant, award"
take.v.02,12,require (time or space),0,0,6,5,take
travel.v.01,12,"change location; move, travel, or proceed, also metaphorically",0,0,9,1,"go, travel, move"
give_birth.v.01,12,cause to be born,1,0,8,0,bear
appoint.v.02,11,"assign a duty, responsibility or obligation to",0,0,5,8,appoint
prove.v.02,10,"establish the validity of something, as by an example, explanation or experiment",0,0,2,6,establish
write.v.04,10,communicate (with) in writing,1,0,0,4,write
elect.v.01,10,select by a vote for an office or membership,0,0,1,8,elect
die.v.01,10,pass from physical life and lose all bodily attributes and functions necessary to sustain life,0,0,8,1,die
perform.v.03,9,give a performance (of something),0,1,3,1,perform
impart.v.01,9,transmit (knowledge or skills),0,1,1,3,"give, leave"
meet.v.08,9,get to know; get acquainted with,0,0,2,2,meet
reach.v.07,8,"reach a goal, e.g.,",0,0,2,1,make
turn.v.08,8,let (something) fall or spill from a container,1,0,0,4,release
aim.v.01,8,"point or cause to go (blows, weapons, or objects such as photographic equipment) towards",0,0,3,2,take
gain.v.05,8,"obtain advantages, such as points, etc.",0,0,2,2,win
grow.v.08,8,come to have or undergo a change of (physical features and attributes),0,0,2,3,"grow, acquire, develop, produce"
visit.v.01,7,"go to see a place, as for entertainment",0,0,4,0,visit
leave.v.02,7,"go and leave behind, either intentionally or by neglect or forgetfulness",0,0,3,1,leave
death.n.01,7,the event of dying or departure from life,0,0,0,0,death
translate.v.01,6,restate (words) from one language into another language,0,0,0,1,"translate, render"
spend.v.01,6,pass time in a specific way,0,0,5,1,spend
die.v.03,6,"be brought to or as if to the point of death by an intense emotion such as embarrassment, amusement, or shame",0,0,3,0,die
bear.v.05,5,"bring forth,",0,0,4,0,bear
appear.v.07,5,"present oneself formally, as before a (judicial) authority",0,0,2,5,appear
give.v.05,5,"convey, as of a compliment, regards, attention, etc.; bestow",0,0,1,4,give
plant.v.01,4,"put or set (seeds, seedlings, or plants) into the ground",0,0,2,0,set
honor.v.01,4,bestow honor or rewards upon,0,0,1,2,"honour, honor"
send.v.01,4,cause to go somewhere,0,0,4,1,send
have.v.02,4,have as a feature,0,0,1,1,feature
precede.v.04,4,move ahead (of others) in time or space,0,0,0,1,lead
die.v.11,4,suffer spiritual death; be damned (in the religious sense),0,0,3,0,die
send.v.02,4,"to cause or order to be taken, directed, or transmitted to another place",0,0,3,0,send
edit.v.01,4,"prepare for publication or presentation by correcting, revising, or adapting",0,0,0,0,edit
visit.v.07,4,stay with as a guest,0,0,1,0,visit
bear.v.11,3,"have rightfully; of rights, titles, and offices",0,0,2,0,bear
choose.v.01,3,"pick out, select, or choose from a number of alternatives",0,0,0,0,"choose, select"
kill.v.01,3,"cause to die; put to death, usually intentionally or knowingly",1,0,1,0,kill
graduation.n.03,3,a line (as on a vessel or ruler) that marks a measurement,0,0,0,0,graduation
marry.v.02,3,perform a marriage ceremony,0,0,0,0,marry
play.v.06,3,replay (as a melody),0,0,0,0,play
leave.v.08,3,remove oneself from an association with or participation in,0,0,1,0,leave
arouse.v.01,3,"call forth (emotions, feelings, and responses)",0,0,2,0,"raise, fire"
necessitate.v.01,3,"require as useful, just, or proper",0,0,0,1,"demand, involve"
sign.v.01,3,mark with one's signature; write one's name (on),0,0,0,1,sign
give.v.19,3,give (as medicine),0,0,0,1,give
settle.v.01,3,"settle into a position, usually on a surface or ground",0,0,3,0,settle
form.v.01,3,create (as an entity),0,0,1,1,"form, organize"
retirement.n.01,3,the state of being retired from one's business or occupation,0,0,0,0,retirement
publication.n.01,3,a copy of a printed work offered for distribution,0,0,1,0,publication
free.v.05,3,make (information) available for publication,0,0,0,0,"release, free"
include.v.01,3,"have as a part, be made up out of",0,0,0,3,include
screen.v.04,3,project onto a screen for viewing,0,0,2,0,screen
move.v.03,3,"move so as to change position, perform a nontranslational motion",0,0,3,0,move
gain.v.08,3,earn on some commercial or business transaction; earn as salary or wages,0,1,1,3,earn
appear.v.06,3,"appear as a character on stage or appear in a play, etc.",0,0,0,0,appear
decide.v.01,3,"reach, make, or come to a decision about something",0,0,0,0,decide
succeed.v.02,3,be the successor (of),0,0,0,0,succeed
call.v.20,3,challenge (somebody) to make good on a statement; charge with or censure for an offense,0,0,1,2,call
run.v.03,3,"stretch out over a distance, space, time, or scope; run or extend between two points or beyond a certain point",1,0,1,0,"lead, go"
appearance.n.03,2,formal attendance (in court or at a hearing) of a party in an action,0,0,0,2,appearance
reach.v.01,2,"reach a destination, either real or abstract",0,0,0,0,"reach, make"
meet.v.01,2,come together,0,0,1,0,meet
contribution.n.02,2,a voluntary gift (as of money or service or ideas) made to some worthwhile cause,0,0,0,0,contribution
make.v.02,2,give certain properties to something,0,0,0,0,make
vote.v.01,2,express one's preference for a candidate or for a measure or resolution; cast a vote,0,0,0,0,vote
leave.v.12,2,be survived by after one's death,0,0,0,1,leave
bear.v.06,2,take on as one's own the expenses or debts of another person,0,0,2,0,bear
knock.v.06,2,find fault with; express criticism of; point out real or perceived flaws,1,0,0,0,criticize
print.v.01,2,put into print,0,0,2,0,print
use.v.06,2,habitually do something (use only in the past tense),0,0,0,0,use
submit.v.01,2,refer for judgment or consideration,0,0,0,0,submit
praise.v.01,2,express approval of,0,0,0,1,praise
spell.v.03,2,write or name the letters that comprise the conventionally accepted form of (a word or part of a word),0,0,0,1,write
travel.v.05,2,undergo transportation as in a vehicle,0,0,1,0,travel
visit.v.04,2,come to see in an official or professional capacity,0,0,2,1,visit
sell.v.01,2,exchange or deliver for money or its equivalent,0,0,0,0,sell
arrive.v.02,2,succeed in a big way; get to the top,0,0,1,0,arrive
hire.v.01,2,engage or hire for work,0,0,0,2,hire
accuse.v.01,2,bring an accusation against; level a charge against,0,0,0,0,accuse
premier.v.01,2,be performed for the first time,0,0,0,1,"premiere, premier"
plunge.v.04,2,begin with vigor,0,0,0,1,launch
plump.v.04,2,give support (to) or make a choice (of) one out of a group or number,0,0,1,0,go
deliver.v.07,2,"utter (an exclamation, noise, etc.)",0,0,0,1,deliver
play.v.15,2,"put (a card or piece) into play during a game, or act strategically as if in a card game",0,0,0,0,play
announce.v.03,2,give the names of,0,0,0,0,announce
bring.v.02,2,cause to come into a particular state or condition,0,0,0,0,bring
put.v.07,2,cause (someone) to undergo something,0,0,0,0,put
undergone,1,undergone,0,0,0,0,undergone
accusation.n.01,1,a formal charge of wrongdoing brought against a person; the act of imputing blame or guilt,0,0,0,0,accusation
include.v.03,1,"add as part of something else; put in as part of a set, group, or category",0,0,0,0,include
connect.v.01,1,"connect, fasten, or put together two or more pieces",0,0,0,0,link
expose.v.03,1,"to show, make visible or apparent",0,0,0,0,expose
diagnose.v.01,1,determine or distinguish the nature of a problem or an illness through a diagnostic analysis,0,0,0,0,diagnose
call.v.03,1,get or try to get into communication (with someone) by telephone,0,0,0,0,telephone
recuse.v.01,1,disqualify oneself (as a judge) in a particular case,1,0,0,0,recuse
guess.v.02,1,"put forward, of a guess, in spite of possible refutation",0,0,0,0,pretend
departure.n.01,1,the act of departing,0,0,0,0,departure
attract.v.03,1,exert a force on (a body) causing it to approach or prevent it from moving away,0,0,0,0,attract
adopt.v.01,1,"choose and follow; as of theories, ideas, policies, strategies or plans",0,1,0,0,adopt
showcased,1,showcased,0,0,0,0,showcased
test.v.01,1,"put to the test, as for its quality, or give experimental use to",0,0,0,0,try
perpetrate.v.01,1,"perform an act, usually with a negative connotation",0,0,0,0,commit
meet.v.05,1,satisfy a condition or restriction,0,0,0,0,meet
share.v.01,1,have in common,0,0,0,0,share
disappear.v.01,1,"get lost, as without warning or explanation",0,0,0,0,disappear
convert.v.08,1,score (a spare),0,0,0,0,convert
begin.v.03,1,"set in motion, cause to start",0,0,0,0,start
curated,1,curated,0,0,1,1,curated
vacate.v.01,1,"leave (a job, post, or position) voluntarily",0,0,0,0,resign
survive.v.02,1,"continue in existence after (an adversity, etc.)",0,0,0,0,survive
steal.v.01,1,take without the owner's consent,1,0,0,0,steal
ordain.v.01,1,order by virtue of superior authority; decree,0,0,0,0,ordain
meet.v.07,1,collect in one place,0,0,1,0,meet
separate.v.09,1,go one's own way; move apart,0,0,0,0,part
hear.v.03,1,examine or hear (evidence or a case) by judicial process,0,0,0,1,hear
reach.v.04,1,be in or establish communication with,0,0,0,0,contact
interview.v.02,1,discuss formally with (somebody) for the purpose of an evaluation,0,0,0,0,interview
get_the_better_of.v.01,1,win a victory over,0,0,0,1,defeat
migrate.v.01,1,move from one country or region to another and settle there,0,0,1,0,migrate
give.v.18,1,"give entirely to a specific person, activity, or cause",0,0,0,0,commit
identify.v.03,1,consider (oneself) as similar to somebody else,0,0,0,0,identify
make.v.01,1,engage in,0,0,0,0,make
tie.v.02,1,"finish a game with an equal number of points, goals, etc.",0,0,0,1,tie
absence.n.04,1,"the occurrence of an abrupt, transient loss or impairment of consciousness (which is not subsequently remembered), sometimes with light twitching, fluttering eyelids, etc.; common in petit mal epilepsy",0,0,0,0,absence
discover.v.03,1,"make a discovery, make a new finding",0,0,0,0,discover
roll_up.v.02,1,get or gather together,0,0,0,0,compile
drop.v.17,1,"take (a drug, especially LSD), by mouth",0,0,0,0,drop
pensioner.n.01,1,the beneficiary of a pension fund,0,0,1,1,pensioner
influence.v.01,1,have and exert influence or effect,0,0,0,0,influence
advertise.v.02,1,make publicity for; try to sell (a product),0,0,0,0,promote
detect.v.01,1,"discover or determine the existence, presence, or fact of",0,0,0,0,find
degree.n.07,1,"the seriousness of something (e.g., a burn or crime)",0,0,0,0,degree
give_up.v.11,1,allow the other (baseball) team to score,0,0,0,0,allow
target.v.01,1,intend (something) to move towards a certain goal,0,0,1,0,place
forgiveness.n.01,1,compassionate feelings that support a willingness to forgive,1,0,0,0,forgiveness
buy.v.01,1,obtain by purchase; acquire by means of a financial transaction,0,0,0,0,purchase
finally.r.01,1,after an unspecified period of time or an especially long delay,0,0,0,0,eventually
fall.v.07,1,"die, as in battle or in a hunt",0,0,0,0,fall
establish.v.08,1,use as a basis for; found on,0,0,0,0,found
introduce.v.07,1,"bring before the public for the first time, as of an actor, song, etc.",0,0,0,0,introduce
subject.v.01,1,cause to experience or suffer or make liable or vulnerable to,0,0,0,0,subject
confer.v.02,1,present,0,0,0,0,bestow
examination.n.01,1,the act of examining something closely (as for mistakes),0,1,0,1,examination
experience.v.03,1,go through (mental or physical states or experiences),0,0,0,0,experience
adapt.v.01,1,"make fit for, or change to suit a new purpose",0,0,0,0,adapt
hail.v.02,1,be a native of,0,0,1,0,hail
approach.v.05,1,"make advances to someone, usually with a proposal or suggestion",0,0,0,0,approach
finish_up.v.02,1,finally be or do something,0,0,0,0,finish
reject.v.06,1,refuse entrance or membership,0,0,0,0,refuse
cash.v.01,1,exchange for cash,0,0,0,0,cash
debut.v.02,1,appear for the first time in public,0,0,0,0,debut
bribe.v.01,1,make illegal payments to in exchange for favors or influence,0,0,1,1,buy
come.v.01,1,"move toward, travel toward something or somebody or approach something or somebody",0,0,0,0,come
transfer.v.05,1,cause to change ownership,0,0,0,1,transfer
admit.v.03,1,"allow participation in or the right to be part of; permit to exercise the rights, functions, and responsibilities of",0,0,1,0,include
specialize.v.03,1,suit to a special purpose,0,0,0,1,specialize
connect.v.03,1,be or become joined or united or linked,0,0,0,1,join
spend.v.03,1,spend completely,0,0,0,0,spend
induce.v.02,1,cause to do; cause to act in a specified manner,0,0,0,0,make
post.v.07,1,transfer (entries) from one account book to another,0,0,0,0,post
debut.v.01,1,present for the first time to the public,0,0,0,0,debut
create.v.02,1,bring into existence,0,0,0,0,create
birthplace.n.01,1,the place where someone was born,1,0,1,0,birthplace
restrain.v.03,1,"to close within bounds, limit or hold back from movement",0,0,0,1,hold
scat.v.01,1,flee; take to one's heels; cut and run,0,0,0,0,escape
picture.v.02,1,"show in, or as in, a picture",1,0,0,0,depict
escape.v.01,1,run away from confinement,0,0,0,0,escape
enroll.v.01,1,register formally as a participant or member,0,0,0,0,recruit
emigrate.v.01,1,leave one's country of residence for a new one,0,0,1,0,emigrate
collapse.v.01,1,"break down, literally or metaphorically",0,0,0,1,founder
unblock.v.03,1,make (assets) available,0,0,1,0,release
receive.v.05,1,express willingness to have in one's home or environs,0,0,0,1,invite
air.v.03,1,"broadcast over the airwaves, as in radio or television",0,0,0,0,transmit
convert.v.09,1,"make (someone) agree, understand, or realize the truth or validity of something",0,0,0,0,convince
work.v.08,1,"operate in a certain place, area, or specialty",0,0,1,1,work
meet.v.10,1,"contend against an opponent in a sport, game, or battle",0,0,1,0,meet
collection.n.01,1,several things grouped together or considered as a whole,0,0,0,0,collection
go.v.16,1,"pass, fare, or elapse; of a certain state of affairs or action",0,0,1,0,go
yield.v.13,1,consent reluctantly,0,0,0,0,succumb
fund.v.01,1,convert (short-term floating debt) into long-term debt that bears fixed interest and is represented by bonds,0,0,0,1,fund
run.v.01,1,"move fast by using one's feet, with one foot off the ground at any given time",0,0,0,0,run
rejoin.v.01,1,join again,0,0,0,0,rejoin
bring.v.03,1,cause to happen or to occur as a consequence,0,0,0,0,bring
note.v.01,1,make mention of,0,0,0,1,note
ph.d..n.01,1,a doctorate usually based on at least 3 years graduate study and a dissertation; the highest degree awarded graduate study,0,0,0,0,phd
gather.v.01,1,assemble or get together,0,0,0,0,collect
rat.v.04,1,give (hair) the appearance of being fuller by using a rat,0,0,0,0,rat
know.v.05,1,"have firsthand knowledge of states, situations, emotions, or sensations",0,0,0,0,know
denounce.v.03,1,"announce the termination of, as of treaties",0,0,0,0,denounce
operate.v.01,1,"direct or control; projects, businesses, etc.",0,0,1,0,run
harbor.v.01,1,"maintain (a theory, thoughts, or feelings)",0,0,1,0,hold
re-elected,1,re-elected,0,0,0,1,re-elected
donate.v.01,1,give to a charity or good cause,1,0,1,1,donate
dissertation.n.01,1,a treatise advancing a new point of view resulting from research; usually a requirement for an advanced academic degree,0,0,0,0,dissertation
involve.v.06,1,occupy or engage the interest of,0,0,0,1,involve
hash_out.v.01,1,speak with others about (something); talk (something) over in detail; have a discussion,0,0,0,0,discuss
spare.v.01,1,refrain from harming,0,0,0,0,spar
embrace.v.02,1,"squeeze (someone) tightly in your arms, usually with fondness",0,0,0,0,embrace
remove.v.01,1,"remove something concrete, as by lifting, pushing, or taking off, or remove something abstract",0,0,0,1,remove
health.n.02,1,the general condition of body and mind,0,0,0,0,health
baptize.v.01,1,administer baptism to,0,0,0,0,christen
submit.v.06,1,yield to another's wish or opinion,0,0,0,0,submit
write.v.01,1,produce a literary work,0,0,0,1,write
shoot.v.10,1,"emit (as light, flame, or fumes) suddenly and forcefully",0,0,0,0,shoot
consort.v.01,1,keep company with; hang out with,0,0,1,1,associate
protest.v.03,1,affirm or avow formally or solemnly,0,0,0,1,protest
become.v.01,1,enter or assume a certain state or condition,0,0,1,0,go
move_over.v.01,1,move in order to make room for someone for something,0,0,0,0,give
spend.v.02,1,pay out,1,0,0,0,spend
relocate.v.01,1,become established in a new location,0,0,1,0,relocate
carry_through.v.01,1,put in effect,0,0,0,0,action
build_up.v.02,1,form or accumulate steadily,0,0,1,0,build
invite.v.05,1,have as a guest,0,0,0,0,invite
film.v.02,1,record in film,0,0,0,1,film
usher.v.01,1,"take (someone) to their seats, as in theaters or auditoriums",0,0,0,0,show
support.v.09,1,play a subordinate role to (another performer),0,0,0,0,support
research.v.01,1,attempt to find out in a systematically and scientific manner,0,0,1,0,research
ink.v.01,1,append one's signature to,0,0,0,0,ink
co-founded,1,co-founded,0,0,0,0,co-founded
deliver.v.01,1,"deliver (a speech, oration, or idea)",0,0,0,0,present
retreat.v.02,1,"move away, as for privacy",0,0,0,0,retreat
work.v.19,1,"gratify and charm, usually in order to influence",0,0,1,1,work
encourage.v.02,1,inspire with confidence; give hope or courage to,0,0,0,0,encourage
stipulate.v.01,1,specify as a condition or requirement in a contract or agreement; make an express demand or provision in an agreement,0,0,0,1,qualify
induct.v.05,1,introduce or initiate,0,0,0,1,induct
accept.v.09,1,"receive (a report) officially, as from a committee",0,0,0,0,accept
accommodate.v.07,1,make (one thing) compatible with (another),0,0,0,0,reconcile
regenerate.v.09,1,restore strength,0,0,1,0,revitalize
create.v.04,1,"invest with a new title, office, or rank",0,0,0,0,create
follow_through.v.02,1,pursue to a conclusion or bring to a successful issue,0,0,0,0,implement
install.v.02,1,put into an office or a position,0,0,0,0,instal
inhale.v.02,1,draw in (air),0,0,0,0,inspire
turn.v.01,1,"change orientation or direction, also in the abstract sense",0,0,0,0,turn
coerce.v.01,1,"to cause to do through pressure or necessity, by physical, moral or intellectual means :",0,0,0,0,force
record.v.02,1,register electronically,0,0,0,0,record
complete.v.02,1,"bring to a whole, with all the necessary parts or elements",0,0,0,0,complete
check.v.18,1,"hold back, as of a danger or an enemy; check the expansion or influence of",0,0,0,0,arrest
lie.v.02,1,"be lying, be prostrate; be in a horizontal position",1,0,0,1,lie
catch.v.02,1,"perceive with the senses quickly, suddenly, or momentarily",1,0,0,1,catch
nominate.v.02,1,put forward; nominate for appointment to an office or for an honor or position,0,0,0,0,nominate
catch.v.01,1,"discover or come upon accidentally, suddenly, or unexpectedly; catch somebody doing something or in a certain state",0,0,0,0,catch
prevent.v.02,1,stop (someone or something) from doing something or being in a certain state,0,0,0,0,prevent
overwhelm.v.01,1,"overcome, as with emotions or perceptual stimuli",0,0,0,0,overcome
bundle.v.01,1,make into a bundle,0,0,0,0,bundle
recognition.n.01,1,the state or quality of being recognized or acknowledged,0,0,0,1,acknowledgement
complaint.n.02,1,(formerly) a loud cry (or repeated cries) of pain or rage or sorrow,0,0,0,0,complaint
attract.v.01,1,direct toward itself or oneself by means of some psychological power or physical attributes,1,0,0,1,pull
list.v.04,1,tilt to one side,0,0,0,0,list
voice.v.01,1,give voice to,0,0,0,0,voice
stay.v.02,1,stay put (in a certain place),0,0,0,0,stick
leave.v.03,1,act or be so as to become in a specified state,0,0,1,0,leave
abandon.v.01,1,"forsake, leave behind",0,0,0,0,abandon
search.v.01,1,"try to locate or discover, or try to establish the existence of",0,0,1,0,seek
threaten.v.02,1,to utter intentions of injury or punishment against:,0,0,0,0,threaten
pay.v.09,1,"bear (a cost or penalty), in recompense for some action",0,0,0,0,pay
clear.v.12,1,"clear from impurities, blemishes, pollution, etc.",0,0,0,0,clear
conduct.v.02,1,"lead, as in the performance of a composition",0,0,0,0,conduct
review.v.05,1,"look back upon (a period of time, sequence of events); remember",0,0,0,0,review
converge.v.01,1,be adjacent or come together,0,0,0,0,meet
earn.v.02,1,acquire or deserve by one's efforts or actions,0,0,0,1,earn
able.a.01,1,(usually followed by `to') having the necessary means or skill or know-how or authority to do something,0,0,0,0,able
service.v.01,1,be used by; as of a utility,0,0,0,0,service
action.v.01,1,institute legal proceedings against; file a suit against,0,0,0,0,sue
performance.n.01,1,a dramatic or musical entertainment,0,0,0,0,performance
tenure.v.01,1,give life-time employment to,0,0,0,1,tenure
sum_up.v.01,1,give a summary (of),0,0,0,0,resume
exhaust.v.05,1,eliminate (a substance),0,0,0,1,expel
serialized,1,serialized,0,0,0,0,serialized
refuse.v.02,1,refuse to accept,0,0,0,1,refuse
bury.v.05,1,embed deeply,0,0,0,1,bury
invitation.n.01,1,a request (spoken or written) to participate or be present or take part in something,0,0,0,1,invitation
brief.v.01,1,give essential information to someone,0,0,0,0,brief
arrival.n.03,1,someone who arrives (or has arrived),0,0,1,0,arrival
